fragment_length,transition_oversampling,initial_comparison_frac,exploration_frac,temperature,discount_factor
89,1.129120149958404,0.6813309123450517,0.25466640057352175,0.8383586298301321,0.9924325411202359
