n_steps,batch_size,ent_coef,gamma,gae_lambda,learning_rate,clip_range
128,256,0.09262023525440874,0.9281974081768385,0.9600000000000001,1.8648793856115293e-05,0.3
