fragment_length,transition_oversampling,initial_comparison_frac,exploration_frac,temperature,discount_factor
116,1.6937435053434513,0.2888333754002082,0.056937487779010365,0.21393005420419042,0.9585927333215439
